{
  "model_config": {
    "embedding_size": 128,
    "hidden_dim": 256,
    "num_layers": 5,
    "max_nodes": 500,
    "batch_size": 64,
    "learning_rate": 0.001,
    "num_epochs": 30
  },
  "final_metrics": {
    "accuracy": 88.77551020408163,
    "precision": 90.56603773584906,
    "recall": 88.88888888888889,
    "f1": 89.7196261682243,
    "auc": 0.953493265993266
  },
  "confusion_matrix": [
    [
      39,
      5
    ],
    [
      6,
      48
    ]
  ],
  "dataset_stats": {
    "train_size": 97,
    "test_size": 98,
    "vocab_size": 507
  }
}