{
  "model_config": {
    "embedding_size": 128,
    "hidden_dim": 256,
    "num_layers": 5,
    "max_nodes": 500,
    "batch_size": 32,
    "learning_rate": 0.001,
    "num_epochs": 30
  },
  "final_metrics": {
    "accuracy": 83.88090349075975,
    "precision": 82.62548262548263,
    "recall": 86.46464646464646,
    "f1": 84.5014807502468,
    "auc": 0.9190738280508635
  },
  "confusion_matrix": [
    [
      389,
      90
    ],
    [
      67,
      428
    ]
  ],
  "dataset_stats": {
    "train_size": 4916,
    "test_size": 974,
    "vocab_size": 345773
  }
}