{
  "model_config": {
    "embedding_size": 128,
    "hidden_dim": 256,
    "num_layers": 5,
    "max_nodes": 500,
    "batch_size": 64,
    "learning_rate": 0.001,
    "num_epochs": 30
  },
  "final_metrics": {
    "accuracy": 94.6524064171123,
    "precision": 94.0,
    "recall": 95.91836734693877,
    "f1": 94.94949494949495,
    "auc": 0.9862416876863105
  },
  "confusion_matrix": [
    [
      83,
      6
    ],
    [
      4,
      94
    ]
  ],
  "dataset_stats": {
    "train_size": 4908,
    "test_size": 187,
    "vocab_size": 3832
  }
}