{
  "model_config": {
    "embedding_size": 128,
    "hidden_dim": 256,
    "num_layers": 5,
    "max_nodes": 500,
    "batch_size": 64,
    "learning_rate": 0.001,
    "num_epochs": 30
  },
  "final_metrics": {
    "accuracy": 94.11764705882352,
    "precision": 94.84536082474226,
    "recall": 93.87755102040816,
    "f1": 94.35897435897436,
    "auc": 0.9854391194680119
  },
  "confusion_matrix": [
    [
      84,
      5
    ],
    [
      6,
      92
    ]
  ],
  "dataset_stats": {
    "train_size": 4907,
    "test_size": 187,
    "vocab_size": 3832
  }
}