{
  "model_config": {
    "embedding_size": 128,
    "hidden_dim": 256,
    "num_layers": 5,
    "max_nodes": 500,
    "batch_size": 64,
    "learning_rate": 0.001,
    "num_epochs": 30
  },
  "final_metrics": {
    "accuracy": 88.27160493827161,
    "precision": 88.64097363083164,
    "recall": 88.28282828282829,
    "f1": 88.46153846153847,
    "auc": 0.9662643203523706
  },
  "confusion_matrix": [
    [
      421,
      56
    ],
    [
      58,
      437
    ]
  ],
  "dataset_stats": {
    "train_size": 4907,
    "test_size": 972,
    "vocab_size": 11425
  }
}